Category,Status
-yllion,Included
0 (number),Included
1 (number),Included
2 + 2 = 5,Included
6174,Included
97.5th percentile point,Included
99 Variations on a Proof,Included
A Disappearing Number,Included
A History of Greek Mathematics,Included
A History of Mathematical Notations,Included
A New Kind of Science,Included
A priori estimate,Included
AKNS system,Included
ALEKS,Included
Abacus,Included
Absolute infinite,Included
Absorbing set (random dynamical systems),Included
Abstract index notation,Included
Abstract nonsense,Included
Abstract structure,Included
Abstraction (mathematics),Included
Abuse of notation,Included
Abuse of notation,Included
Academic works about mathematics,Included
Academic works about mathematics,Included
Active and passive transformation,Included
Actual infinity,Included
Actuarial credentialing and exams,Included
Actuarial notation,Included
Actuary,Included
Addition,Included
Additive combinatorics,Included
Adequality,Included
Adjoint,Included
Advisory Committee on Mathematics Education,Included
African mathematicians,Included
Age of the captain,Included
Agnew's theorem,Included
Ahlfors finiteness theorem,Included
Ahlfors measure conjecture,Included
Ailsa Keating,Included
Aitken Lectureship,Included
Akira Yoshizawa,Included
Albert Leon Whiteman Memorial Prize,Included
Alexander–Hirschowitz theorem,Included
Algebra,Included
Algebra stubs,Included
Algerian mathematics,Included
Algorithmic art,Included
Almost,Included
Almost all,Included
Almost everywhere,Included
Almost surely,Included
Amateur mathematicians,Included
Ambiguity,Included
Analytic philosophy,Included
Analytical Society,Included
Anamorphosis,Included
Anatoliy Boldyrev,Included
Ancient Roman mathematics,Included
Ancient mathematicians,Included
Ancient solution,Included
Ansatz,Included
Antikythera mechanism,Included
Antiquarian science books,Included
Apartness,Included
Apostolos Doxiadis,Included
Apotome (mathematics),Included
Applied mathematics,Included
Applied mathematics stubs,Included
Approximate max-flow min-cut theorem,Included
Approximations of π,Included
Apéry's constant,Included
Arbitrarily large,Included
Arcadia (play),Included
Argand system,Included
Argument of a function,Included
Aristotelian realist philosophy of mathematics,Included
Arithmetic,Included
Arithmetic and geometric Frobenius,Included
Arithmetic progression game,Included
Arithmetic rope,Included
Arithmetization of analysis,Included
Arithmetization of analysis,Included
Arithmeum,Included
Ars Magna (Cardano book),Included
Article proofs,Included
Articles containing proofs,Included
As I was going to St Ives,Included
Asano contraction,Included
Association of Christians in the Mathematical Sciences,Included
Asthana Kolahalam,Included
Attribute blocks,Included
Augmented Reality Sandtable,Included
Automated theorem proving,Included
Aztec mathematics,Included
Babylonian mathematics,Included
Back-and-forth method,Included
Background subtraction,Included
Backhouse's constant,Included
Bailey's FFT algorithm,Included
Balanced group,Included
Bar recursion,Included
Barnes–Wall lattice,Included
Base (exponentiation),Included
Basic concepts in set theory,Included
Bateman Manuscript Project,Included
Bauer maximum principle,Included
Bayesian epistemology,Included
Bayesian probability,Included
Bayesian program synthesis,Included
Beevers–Lipson strip,Included
Beijing Institute of Mathematical Sciences and Applications,Excluded
Bellard's formula,Included
Benacerraf's identification problem,Included
Bengali mathematicians,Included
Beraha constants,Included
Bernard Bolzano,Included
Bernoulli family,Included
Bernstein's constant,Included
Bertrand's postulate,Included
Bhaskaracharya Pratishthana,Included
Bhāskara I's sine approximation formula,Included
Big O in probability notation,Included
Big O notation,Included
Bijective proof,Included
Blackboard bold,Included
Blackwell's informativeness theorem,Included
Blackwell–Tapia prize,Included
Bloch's principle,Included
Blue–seven phenomenon,Included
Bolyai Prize,Included
Books about mathematics,Included
Bott cannibalistic class,Included
Bracket,Included
Bracket (mathematics),Included
Brahmagupta's interpolation formula,Included
Bra–ket notation,Included
British Society for the History of Mathematics,Included
Brouwer–Hilbert controversy,Included
Brown measure,Included
Brun's constant,Included
Buchdahl's theorem,Included
Budan's theorem,Included
Burnett equations,Included
By inspection,Included
C-Thru Ruler,Included
Cabri Geometry,Included
Cahen's constant,Included
Calculator,Included
Calculator input methods,Included
Calculators,Included
Cameron–Fon-Der-Flaass IBIS theorem,Included
Canadian Society for History and Philosophy of Mathematics,Included
Canon Palmtronic LE-80M,Included
Canon Sinuum (Bürgi),Included
Canon arithmeticus,Included
Canonical form,Included
Canonical map,Included
Canonical map,Included
Canonizant,Included
Cantor cube,Included
Cantor's diagonal argument,Included
Cantor's first set theory article,Included
Carl Theodore Heisel,Included
Carleman linearization,Included
Carleman matrix,Included
Carry operator,Included
Catalan's constant,Included
Catalog of articles in probability theory,Included
Cauchy wavelet,Included
Centipede mathematics,Included
Chamfer (geometry),Included
Chamfered dodecahedron,Included
Champernowne constant,Included
Characterization (mathematics),Included
Charles Haros,Included
Chasles' theorem (kinematics),Included
Chinese mathematics,Included
Christoffel symbols,Included
Chronology of ancient Greek mathematicians,Included
Chronology of computation of π,Included
Chvátal–Sankoff constants,Included
Classical Hamiltonian quaternions,Included
Classification of Clifford algebras,Included
Classification of Fatou components,Included
Classification of discontinuities,Included
Classification of finite simple groups,Included
Classification of finite simple groups,Included
Classification of low-dimensional real Lie algebras,Included
Classification of manifolds,Included
Classification theorem,Included
Classification theorem,Included
Code of the Quipu,Included
Coefficient,Included
Coherent topos,Included
Color,Included
Combinatorial proof,Included
Combinatorics,Included
Combinatorics stubs,Included
Commutative diagram,Included
Commutative diagram,Included
Comparison theorem,Included
Compass (drawing tool),Included
Complete set of invariants,Included
Computational mathematics,Included
Computer-assisted proof,Included
Computer-assisted proofs,Included
Concept image and concept definition,Included
Conditional proof,Included
Conic constant,Included
Conjecture,Included
Conjectures that have been proved,Included
Conjectures that have been proved,Included
Conley's fundamental theorem of dynamical systems,Included
Connectedness,Included
Constructive proof,Included
Continuous or discrete variable,Included
Continuum (measurement),Included
Contracted Bianchi identities,Included
Contributions of Leonhard Euler to mathematics,Included
Controversy over Cantor's theory,Included
Controversy over Cantor's theory,Included
Convolution quotient,Included
Conway chained arrow notation,Included
Conway polyhedron notation,Included
Coordinate systems,Included
Copeland–Erdős constant,Included
Corollary,Included
Correlation coefficient,Included
Count On,Included
Counterexample,Included
Counting board,Included
Counting board,Included
Counting rods,Included
Cryptography stubs,Included
Cryptomorphism,Included
Cultural depictions of mathematicians,Included
Cultural depictions of mathematicians,Included
Cut rule,Included
Cutler's bar notation,Included
Cyclical monotonicity,Included
Cyprián Karásek Lvovický,Included
D'Alembert–Euler condition,Included
Darmois–Skitovich theorem,Included
David Crighton Medal,Included
De Bruijn–Newman constant,Included
De prospectiva pingendi,Included
De vetula,Included
DeWitt notation,Included
Decimal representation,Included
Definition,Included
Definitions of mathematics,Included
Degeneracy (mathematics),Included
Degree (angle),Included
Del,Included
Dependent and independent variables,Included
Deterministic blockmodeling,Included
Dialling (mathematics),Included
Differential (mathematics),Included
Differential analyser,Included
Dimension,Included
Dirac adjoint,Included
Direct proof,Included
Discontinuous group,Included
Discovery system (AI research),Included
Discrete mathematics,Included
Distinguished limit,Included
Divina proportione,Included
Documentary television series about mathematics,Included
Documentary television series about mathematics,Included
Dodd–Bullough–Mikhailov equation,Included
Domain-to-range ratio,Included
Dot planimeter,Included
Dottie number,Included
Double counting (proof technique),Included
Dowker–Thistlethwaite notation,Included
"Dungeons, Dungeons & More Dungeons",Included
Dynamical systems,Included
E (mathematical constant),Included
E (mathematical constant),Included
Early numeracy,Included
Egyptian mathematics,Included
Einstein notation,Included
Elementary mathematics,Included
Elementary proof,Included
Ellipsis,Included
Elliptic surface,Included
Enriques–Kodaira classification,Included
Enrolled actuary,Included
Eponymous algorithms of mathematics,Included
Eponymous equations of mathematics,Included
Eponymous functions,Included
Eponymous geometric shapes,Included
Eponymous numbers in mathematics,Included
Eponymous theorems of mathematics,Included
Eponyms in geometry,Included
Eponyms in mathematics,Included
Equidimensionality,Included
Equipollence (geometry),Included
Erdős–Bacon number,Included
Erdős–Borwein constant,Included
Erdős–Delange theorem,Included
Erdős–Tenenbaum–Ford constant,Included
Ernest Nagel,Included
Esenin-Volpin's theorem,Included
Essentially unique,Included
Ethics in mathematics,Included
Ethnocomputing,Included
Ethnomathematicians,Included
Ethnomathematics,Included
Eudemus of Rhodes,Included
Euler product,Included
Euler's constant,Included
Euler–Boole summation,Included
European Society for Mathematics and the Arts,Included
Event structure,Included
Eventually (mathematics),Included
Examples of Markov chains,Included
Examples of groups,Included
Examples of vector spaces,Included
Exceptional object,Included
Existence theorem,Included
Existential graph,Included
Experimental mathematics,Included
Fatou conjecture,Included
Favard constant,Included
Feigenbaum constants,Included
Feigenbaum's First Constant,Included
Feigenbaum's second constant,Included
Feller's coin-tossing constants,Included
Feller–Tornier constant,Included
Fellows of the American Mathematical Society,Included
Fermat's Last Theorem,Included
Fernando Zalamea,Included
Fictional mathematicians,Included
Fields of abstract algebra,Included
Fields of mathematics,Included
Films about mathematics,Included
Financial risk management,Included
Floor and ceiling functions,Included
Foias constant,Included
Forder Lectureship,Included
Formal methods terminology,Included
Formalism (philosophy of mathematics),Included
Formula,Included
Formula calculator,Included
Formulario mathematico,Included
Foundations of Algebraic Geometry,Included
Foundations of geometry,Included
Foundations of mathematics,Included
Foundations of mathematics,Included
Foundations of mathematics,Included
Fourth dimension in art,Included
Fractal artists,Included
Fractal expressionism,Included
Fransén–Robinson constant,Included
Fransén–Robinson constant,Included
Free variables and bound variables,Included
French curve,Included
French mathematical seminars,Included
Frontal solver,Included
Fueter–Pólya theorem,Included
Full-employment theorem,Included
Functional decomposition,Included
Fundamenta nova theoriae functionum ellipticarum,Included
Fundamentum Astronomiae,Included
Future of mathematics,Included
Gabon Mathematical Society,Included
Galactic algorithm,Included
Galley division,Included
Game theory,Included
Game without a value,Included
Ganitagannadi,Included
Gardner–Salinas braille codes,Included
Gauss notation,Included
Gauss's Pythagorean right triangle proposal,Included
Gauss's diary,Included
Gaṇita-sāra-saṅgraha,Included
Gelfond's constant,Included
Gelfond–Schneider constant,Included
Generalized inverse,Included
Generalized metric space,Included
Generalized space,Included
Geometry,Included
Geometry From Africa,Included
Geometry stubs,Included
Geometry template,Included
George Boolos,Included
George Gheverghese Joseph,Included
Girsanov theorem,Included
Glaisher–Kinkelin constant,Included
Global Digital Mathematics Library,Included
Glossary of Principia Mathematica,Included
Glossary of areas of mathematics,Included
Glossary of calculus,Included
Glossary of invariant theory,Included
Glossary of mathematical jargon,Included
Glossary of mathematical symbols,Included
God Created the Integers,Included
Golden angle,Included
Golden ratio,Included
Golden ratio,Included
Golden ratio,Included
Golomb–Dickman constant,Included
Gompertz constant,Included
Govinda Bhattathiri,Included
Graffiti (program),Included
Graph paper,Included
Graph theory,Included
Graphmatica,Included
"Greek letters used in mathematics, science, and engineering",Included
Greek mathematics,Included
Grey box model,Included
Gurzadyan theorem,Included
H-maxima transform,Included
HR (software),Included
Hafner–Sarnak–McCurley constant,Included
Halanay inequality,Included
Hand-waving,Included
Hardy notation,Included
Haridatta,Included
Harmonic (mathematics),Included
Hat notation,Included
Hatch mark,Included
Heath-Brown–Moroz constant,Included
Hekat,Included
Helen Abbot Merrill,Included
Hellenic Mathematical Society,Included
Hermite constant,Included
Hierarchical decision process,Included
Hilbert's problems,Included
Hindu units of time,Included
Historians of mathematics,Included
Historical treatment of quaternions,Included
Historiography of mathematics,Included
History of Grandi's series,Included
History of algebra,Included
History of ancient numeral systems,Included
History of calculus,Included
History of combinatorics,Included
History of computer science,Included
History of computing,Included
History of floating-point arithmetic,Included
History of geometry,Included
History of group theory,Included
History of logarithms,Included
History of logic,Included
History of manifolds and varieties,Included
History of mathematical notation,Included
History of mathematical notation,Included
History of mathematics,Included
History of mathematics,Included
History of mathematics stubs,Included
History of mathematics stubs,Included
History of probability and statistics,Included
History of the Theory of Numbers,Included
History of the function concept,Included
History of the separation axioms,Included
History of topos theory,Included
History of trigonometry,Included
Hobbes–Wallis controversy,Included
Hume's principle,Included
Hypercomplex number,Included
ISO 31-11,Included
Iatromathematicians,Included
Ideal theory,Included
If and only if,Included
Im schwarzen Walfisch zu Askalon,Included
Imaginary unit,Included
Impredicativity,Included
Inca mathematics,Included
Index notation,Included
Index set,Included
Indexed family,Included
Indian mathematics,Included
Indiana pi bill,Included
Inequalities,Included
Inequality (mathematics),Included
Inequation,Included
Infinitesimal,Included
Infinity,Included
Infinity,Included
Infix notation,Included
Informal mathematics,Included
Informal mathematics,Included
Information theory,Included
Innumeracy (book),Included
Institut de Mathématiques de Toulouse,Included
Institute of Mathematics (National Academy of Sciences of Belarus),Included
Institute of Mathematics of the Polish Academy of Sciences,Included
Integraph,Included
Integrator,Included
International Centre for Mathematical Sciences,Included
International Conference on Formal Power Series and Algebraic Combinatorics,Included
International Society for Mathematical Sciences,Included
Intuitionism,Included
Invariant (mathematics),Included
Inverse gamma function,Included
Irreducibility (mathematics),Included
Isfahan Mathematics House,Included
Ishango bone,Included
Ishango bone,Included
Italian school of algebraic geometry,Included
Iverson bracket,Included
J-line,Included
Jacobian,Included
Japanese mathematics,Included
Jorge Luis Borges and mathematics,Included
Josiah Willard Gibbs Lectureship,Included
Jouanolou's trick,Included
Journal of Mathematics and the Arts,Included
Jumping line,Included
Jyotirmimamsa,Included
"Jyā, koti-jyā and utkrama-jyā",Included
K-convexity in Rn,Included
K-frame,Included
Kaidā glyphs,Included
Kanakkusaram,Included
Kantor double,Included
Kawasaki's theorem,Included
Kaṇakkatikāram,Included
Kaṇita Tīpikai,Included
Kendall's notation,Included
Kepler–Bouwkamp constant,Included
Kerala school of astronomy and mathematics,Included
Khinchin's constant,Included
Kleene equality,Included
Knuth's up-arrow notation,Included
Kobon triangle problem,Included
Komornik–Loreti constant,Included
Korean mathematics,Included
Kostant's convexity theorem,Included
Kraków School of Mathematics,Included
Kraków School of Mathematics and Astrology,Included
Kronecker delta,Included
LGBT mathematicians,Included
Landau–Ramanujan constant,Included
Langlands program,Included
Language of mathematics,Included
Laplace limit,Included
Large numbers,Included
Large-scale mathematical formalization projects,Included
"Latin letters used in mathematics, science, and engineering",Included
Latvian Mathematical Society,Included
Law (mathematics),Included
Law of large numbers,Included
Lawvere's fixed-point theorem,Included
Lebombo bone,Included
Lebombo bone,Included
Left and right (algebra),Included
Legendre's constant,Included
Lehrbuch der Topologie,Included
Leibniz's notation,Included
Lemma (mathematics),Included
Lemmas,Included
Lemniscate,Included
Lemniscate constant,Included
Level (logarithmic quantity),Included
Lie theory,Included
Lieb's square ice constant,Included
Like terms,Included
Lilian Matthiesen,Included
Lillian Rosanoff Lieber,Included
Limitation of size,Included
Limitation of size,Included
Limiting amplitude principle,Included
Limiting case (mathematics),Included
Limiting case (mathematics),Included
Line (geometry),Included
Linnik's constant,Included
Liouville number,Included
Liquid vector space,Included
List of Boolean algebra topics,Included
List of Fourier analysis topics,Included
List of Lie groups topics,Included
List of abstract algebra topics,Included
List of algebraic geometry topics,Included
List of algebraic topology topics,Included
List of circle topics,Included
List of combinatorial computational geometry topics,Included
List of commutative algebra topics,Included
List of complex analysis topics,Included
List of computability and complexity topics,Included
List of differential geometry topics,Included
List of dynamical systems and differential equations topics,Included
List of films about mathematicians,Included
List of general topology topics,Included
List of geometric topology topics,Included
List of graph theory topics,Included
List of group theory topics,Included
List of harmonic analysis topics,Included
List of knot theory topics,Included
List of logic symbols,Included
List of long mathematical proofs,Included
List of mathematical abbreviations,Included
List of mathematical constants,Included
List of mathematical examples,Included
List of mathematical logic topics,Included
List of mathematical proofs,Included
List of mathematical theories,Included
List of mathematicians born in the 19th century,Included
List of mathematics history topics,Included
List of misnamed theorems,Included
List of multivariable calculus topics,Included
List of network theory topics,Included
List of numerical analysis topics,Included
List of operator splitting topics,Included
List of order theory topics,Included
List of probabilistic proofs of non-probabilistic theorems,Included
List of real analysis topics,Included
List of scientific constants named after people,Included
List of topics related to π,Included
List of triangle topics,Included
List of works by Petr Vaníček,Included
Lists of mathematicians,Included
Lists of mathematics topics,Included
Lists of things named after mathematicians,Included
Lists of things named after mathematicians,Included
"Lists of uniform tilings on the sphere, plane, and hyperbolic plane",Included
Lobachevsky (song),Included
Location arithmetic,Included
Logical harmony,Included
Logicism,Included
Logicomix,Included
Look-and-say sequence,Included
Lp solve,Included
Ludwig Wittgenstein's philosophy of mathematics,Included
Lwów School of Mathematics,Included
Lyusternik–Fet theorem,Included
Lévy's constant,Included
M. C. Escher: Visions of Symmetry,Included
MAA Certificate of Merit,Included
MINOS (optimization software),Included
MRB constant,Included
Maass–Selberg relations,Included
Madhava series,Included
Magic angle,Included
Magic polygon,Included
MagicPlot,Included
Makespan,Included
Making Mathematics with Needlework,Included
Marquois scales,Included
Math Country,Included
Math rock,Included
MathFest,Included
Matheass,Included
Mathemagician,Included
Mathemalchemy,Included
Mathematica: A World of Numbers... and Beyond,Included
Mathematical Alphanumeric Symbols,Included
Mathematical Cranks,Included
Mathematical Models (Cundy and Rollett),Included
Mathematical Models (Fischer),Included
Mathematical Tables Project,Included
Mathematical analysis,Included
Mathematical analysis stubs,Included
Mathematical artists,Included
Mathematical artworks,Included
Mathematical axioms,Included
Mathematical beauty,Included
Mathematical beauty,Included
Mathematical beauty,Included
Mathematical classification systems,Included
Mathematical coincidence,Included
Mathematical concepts,Included
Mathematical constant,Included
Mathematical constants,Included
Mathematical diagram,Included
Mathematical examples,Included
Mathematical fallacies,Included
Mathematical fiction,Included
Mathematical folklore,Included
Mathematical folklore,Included
Mathematical humor,Included
Mathematical identities,Included
Mathematical induction,Included
Mathematical instrument,Included
Mathematical instrument,Included
Mathematical knowledge management,Included
Mathematical knowledge management,Included
Mathematical logic,Included
Mathematical logic,Included
Mathematical logic,Included
Mathematical logic stubs,Included
Mathematical markup languages,Included
Mathematical markup languages,Included
Mathematical maturity,Included
Mathematical model,Included
Mathematical monism,Included
Mathematical notation,Included
Mathematical notation,Included
Mathematical objects,Included
Mathematical objects,Included
Mathematical paradoxes,Included
Mathematical practice,Included
Mathematical principles,Included
Mathematical problems,Included
Mathematical problems,Included
Mathematical problems,Included
Mathematical projects,Included
Mathematical proof,Included
Mathematical proof,Included
Mathematical proofs,Included
Mathematical relations,Included
Mathematical science occupations,Included
Mathematical sculpture,Included
Mathematical software,Included
Mathematical structures,Included
Mathematical symbols,Included
Mathematical table,Included
Mathematical table,Included
Mathematical tables,Included
Mathematical terminology,Included
Mathematical theorems,Included
Mathematical theorems in theoretical computer science,Included
Mathematical tools,Included
Mathematical typefaces,Included
Mathematician,Included
Mathematician,Included
Mathematician stubs,Included
Mathematician stubs,Included
Mathematicians,Included
Mathematicians by academic institution,Included
Mathematicians by award,Included
Mathematicians by century,Included
Mathematicians by city,Included
Mathematicians by field,Included
Mathematicians by nationality,Included
Mathematicians by nationality,Included
Mathematicism,Included
Mathematics,Included
Mathematics Genealogy Project,Included
Mathematics Subject Classification,Included
Mathematics Subject Classification,Included
Mathematics and God,Included
Mathematics and God,Included
Mathematics and architecture,Included
Mathematics and art,Included
Mathematics and art,Included
Mathematics and art,Included
Mathematics and art,Included
Mathematics and culture,Included
Mathematics and fiber arts,Included
Mathematics and fiber arts,Included
Mathematics and mysticism,Included
Mathematics awards,Included
Mathematics books,Included
Mathematics by country,Included
Mathematics by period,Included
Mathematics competition stubs,Included
Mathematics competitions,Included
Mathematics conferences,Included
Mathematics education,Included
Mathematics education,Included
Mathematics education by country,Included
Mathematics education television series,Included
Mathematics education works,Included
Mathematics educators,Included
Mathematics in France,Included
Mathematics in Germany,Included
Mathematics in the United Kingdom,Included
Mathematics in the United States,Included
Mathematics in the medieval Islamic world,Included
Mathematics literature stubs,Included
Mathematics mastery,Included
Mathematics of apportionment,Included
Mathematics of infinitesimals,Included
Mathematics of music,Included
Mathematics of paper folding,Included
Mathematics on stamps,Included
Mathematics organizations,Included
Mathematics stub templates,Included
Mathematics stubs,Included
Mathematics timelines,Included
Mathematics websites,Included
Mathematics-related lists,Excluded
Mathematics-related topics in popular culture,Included
Mathematische Arbeitstagung,Included
Maximum theorem,Included
Mazhamaṅgalaṃ Nārāyaṇan Naṃpūtiri,Included
Mazhamaṅgalaṃ Śaṅkaran Naṃpūtiri,Included
Mean square,Included
Mechanical calculator,Included
Medieval mathematicians,Included
Meissel–Mertens constant,Included
Mental calculators,Included
Metatheorem,Included
Method of Fluxions,Included
Method of exhaustion,Included
Methodological advisor,Included
Methods of successive approximation,Included
MiMa Mineralogy and Mathematics Museum,Included
Millennium Mathematics Project,Included
Mills' constant,Included
Milü,Included
Minimal K-type,Included
Minimal counterexample,Included
Minimal counterexample,Included
Minimal realization,Included
Minimax theorem,Included
Mirifici Logarithmorum Canonis Descriptio,Included
Mishnat ha-Middot,Included
Model theory,Included
Model theory,Included
Modern Arabic mathematical notation,Included
Moderne Algebra,Included
Modular subgroup,Included
Modulo (mathematics),Included
Moschovakis coding lemma,Included
Mostowski model,Included
Motzkin–Taussky theorem,Included
Multi-index notation,Included
Multiplication,Included
Multiplication theorem,Included
Multiverse (set theory),Included
Music and mathematics,Included
Music and mathematics,Included
Musical notation,Included
Mutual exclusivity,Included
N-topological space,Included
National Association of Mathematicians,Included
Natural logarithm of 2,Included
Necessity and sufficiency,Included
Nemeth Braille,Included
Nepalese mathematics,Included
Network automaton,Included
Newman–Janis algorithm,Included
Newman–Penrose formalism,Included
NinKi: Urgency of Proximate Drawing Photograph,Included
Niven's constant,Included
No free lunch theorem,Included
No free lunch theorem,Included
Nomogram,Included
Non-perturbative,Included
Non-surveyable proof,Included
Normal form (dynamical systems),Included
Norwegian Mathematical Society,Included
Notation for differentiation,Included
Notation in probability and statistics,Included
Null (mathematics),Included
Null (mathematics),Included
Number stubs,Included
Number theory,Included
Number theory stubs,Included
Numbers (TV series),Included
Numeral system,Included
Numeral systems,Included
Numerology,Included
Octacube (sculpture),Included
Of the form,Included
Of the form,Included
Ohsawa–Takegoshi L2 extension theorem,Included
Omega constant,Included
Omega-categorical theory,Included
On-Line Encyclopedia of Integer Sequences,Included
Operand,Included
Operator (mathematics),Included
Orbifold notation,Included
Order (mathematics),Included
Order theory,Included
Ordinal notation,Included
Original proof of Gödel's completeness theorem,Included
Orthomorphism,Included
Otto calculus,Included
Outage probability,Included
Outline of Gottfried Wilhelm Leibniz,Included
Outline of actuarial science,Included
Outline of algebra,Included
Outline of algebraic structures,Included
Outline of arithmetic,Included
Outline of calculus,Included
Outline of category theory,Included
Outline of combinatorics,Included
Outline of discrete mathematics,Included
Outline of geometry,Included
Outline of linear algebra,Included
Outline of logic,Included
Outline of probability,Included
Outline of regression analysis,Included
Outline of trigonometry,Included
Outlines of mathematics and logic,Included
Oxford Set of Mathematical Instruments,Included
Pan-African Congress of Mathematicians,Included
Paraconsistent mathematics,Included
Paradoxes of the Infinite,Included
Parameter,Included
Parameter space,Included
Parametric family,Included
Particular values of the Riemann zeta function,Included
Particular values of the gamma function,Included
Parts-per notation,Included
Pathological (mathematics),Included
Pañcabodha,Included
Penka Georgieva,Included
Penrose graphical notation,Included
Penrose tiling,Included
Percentage point,Included
Period (algebraic geometry),Included
Perpetuant,Included
Petersen–Morley theorem,Included
Petri Net Markup Language,Included
Philosophers of mathematics,Included
Philosophy of computer science,Included
Philosophy of mathematics,Included
Philosophy of mathematics,Included
Philosophy of mathematics education,Included
Philosophy of mathematics literature,Included
Philosophy of mathematics literature,Included
Philosophy of statistics,Included
Pi,Included
Pi (art project),Included
Planes (geometry),Included
Planimeter,Included
Plastic ratio,Included
Plate notation,Included
Poincaré Medal,Included
Point (geometry),Included
Point process notation,Included
Pointwise,Included
Polish School of Mathematics,Included
Polish mathematics,Included
Polish notation,Included
Polymath Project,Included
Polytope notation systems,Included
Pons asinorum,Included
Popular mathematics,Included
Porism,Included
Porter's constant,Included
Positional notation,Included
Possible Worlds (play),Included
"Power, root-power, and field quantities",Included
Pre-intuitionism,Included
Presidents of the European Mathematical Society,Included
Presidents of the International Mathematical Union,Included
Prime constant,Included
Prime factor exponent notation,Included
Primitive notion,Included
Principle of permanence,Included
Probabilistic method,Included
Probabilistically checkable proof,Included
Probability and statistics,Included
Probability interpretations,Included
Probability stubs,Included
Probability theorems,Included
Procept,Included
Product order,Included
Projection (mathematics),Included
Proof (play),Included
Proof by contradiction,Included
Proof by exhaustion,Included
Proof by infinite descent,Included
Proof by infinite descent,Included
Proof by intimidation,Included
Proof of impossibility,Included
Proof sketch for Gödel's first incompleteness theorem,Included
Proof techniques,Included
Proof theory,Included
Proof without words,Included
Proof without words,Included
Proofs That Really Count,Included
Proofs from THE BOOK,Included
Property (mathematics),Included
Property (mathematics),Included
Proportion (mathematics),Included
Proportionality (mathematics),Included
Prouhet–Thue–Morse constant,Included
Pseudomathematics,Included
Pseudomathematics,Included
Pseudomathematics,Included
Pseudonymous mathematicians,Included
Psychologism,Included
Ptolemy's table of chords,Included
Pure mathematics,Included
Pósa's theorem,Included
Q.E.D.,Included
Q.E.D.,Included
Quadratic-linear algebra,Included
Quadrature (geometry),Included
Quadrature (geometry),Included
Quadrature of the Parabola,Included
Qualitative property,Included
Quantale,Included
Quantitative analyst,Included
Quantity,Included
Quasi-empirical method,Included
Quasi-empiricism in mathematics,Included
Quaternion Society,Included
Quine–Putnam indispensability argument,Included
Quipu,Included
Quotition and partition,Included
Ramanujan's constant,Included
Ramanujan's lost notebook,Included
Ramanujan–Soldner constant,Included
Ramanujan–Soldner constant,Included
Random Fibonacci sequence,Included
Rank-index method,Included
Rankine vortex,Included
Raymond C. Archibald,Included
Reality,Included
Reciprocal Fibonacci constant,Included
Reciprocal Fibonacci constant,Included
Recreational mathematics,Included
Recreational mathematics,Included
Reduction (mathematics),Included
Regiomontanus' angle maximization problem,Included
Relationship between mathematics and physics,Included
Relationship between mathematics and physics,Included
Representation theorem,Included
Resilience (mathematics),Included
Restricted root system,Included
Reverse Polish notation,Included
Revolutions in Mathematics,Included
Rhythm of Structure,Included
Rigidity (mathematics),Included
Rigour,Included
Road coloring theorem,Included
Rod calculus,Included
Ronald Fisher bibliography,Included
Ruler,Included
SMath Studio,Included
SNARK (theorem prover),Included
Sagrada Família,Included
Sand table,Included
Sand table,Included
Sarah-Marie Belcastro,Included
Schnirelmann density,Included
School Mathematics Study Group,Included
Schwarz function,Included
"Science Fell in Love, So I Tried to Prove It",Included
Scientific notation,Included
Scope (logic),Included
Scottish Book,Included
Scottish Café,Included
Second Wranglers,Included
Self-dissimilarity,Included
Semi-infinite,Included
Senior Wranglers,Included
Seshadri constant,Included
Set index articles on mathematics,Excluded
Set-builder notation,Included
Shadow square,Included
Shell theorem,Included
Shephard Prize,Included
Shimizu L-function,Included
Shriek map,Included
Sides of an equation,Included
Siegel parabolic subgroup,Included
Sierpiński's constant,Included
Sign (mathematics),Included
Signpost sequence,Included
Sikidy,Included
Silver ratio,Included
Simplicial group,Included
Simplicial space,Included
Sion's minimax theorem,Included
Smooth maximum,Included
Software calculator,Included
Solovay–Kitaev theorem,Included
Somos' quadratic recurrence constant,Included
Somos' quadratic recurrence constant,Included
Sophomore's dream,Included
Space (mathematics),Included
Space (mathematics),Included
Space cardioid,Included
Special functions,Included
Spherical braid group,Included
Sphuṭacandrāpti,Included
Square root of 2,Included
Square root of 3,Included
Square root of 5,Included
Square root of 6,Included
Square root of 7,Included
Squaring the circle,Included
Statistical concepts,Included
Statistician,Included
Statistics stubs,Included
Stein's example,Included
Steinhaus longimeter,Included
Steinhaus longimeter,Included
Steinhaus–Moser notation,Included
Steklov Institute of Mathematics,Included
Stieltjes constants,Included
Stochastic,Included
Stochastic homogenization,Included
Stochastic portfolio theory,Included
Stochastic quantization,Included
Straightedge,Included
Strange nonchaotic attractor,Included
Stratification (mathematics),Included
Strict,Included
String art,Included
Structural induction,Included
Structuralism (philosophy of mathematics),Included
Structuralism (philosophy of mathematics),Included
Subexponential distribution (light-tailed),Included
Summa de arithmetica,Included
Summation,Included
Supergolden ratio,Included
Superseded theories in science,Included
Supersilver ratio,Included
Sydney Opera House,Included
Symbolic language (mathematics),Included
Symbolic language (mathematics),Included
Symbolic language (programming),Included
Symbols,Included
Symbols of grouping,Included
Symmetric power,Included
Symmetries of Culture: Theory and Practice of Plane Pattern Analysis,Included
Symmetry-breaking constraints,Included
System of differential equations,Included
Séminaire de Géométrie Algébrique du Bois Marie,Included
Sūji de Asobo,Included
T.C. Mits,Included
Table of mathematical symbols by introduction date,Included
Talk:Golden ratio/sandbox,Included
Talk:Golden ratio/sandbox,Included
Tally marks,Included
Tally stick,Included
Taniyama group,Included
Tape diagram,Included
Teknomo–Fernandez algorithm,Included
Template:Math-software-stub,Included
Template:Math-stub,Included
Terryology,Included
Tessellation,Included
Tetractys,Included
Tetrad formalism,Included
The Aleph (short story),Included
The Bridges Organization,Included
"The Equidistribution of Lattice Shapes of Rings of Integers of Cubic, Quartic, and Quintic Number Fields",Included
The First Moderns,Included
"The Politics of Modelling, Numbers Between Science and Policy",Included
The Story of 1,Included
The Story of Maths,Included
The Swallow's Tail,Included
The Value of Science,Included
The Whetstone of Witte,Included
Theorem,Included
Theorem,Included
Theorem Proving System,Included
Theorems in algebra,Included
Theorems in analysis,Included
Theorems in discrete mathematics,Included
Theorems in dynamical systems,Included
Theorems in geometry,Included
Theorems in mathematical physics,Included
Theorems in number theory,Included
Theorems in propositional logic,Included
Theorems in statistics,Included
Theorems in the foundations of mathematics,Included
Theorems in topology,Included
Theories of deduction,Included
Thomas Baxter (mathematician),Included
Time Cube,Included
Timeline of ancient Greek mathematicians,Included
Timeline of mathematical logic,Included
Timeline of mathematics,Included
Timeline of numerals and arithmetic,Included
Tomahawk (geometry),Included
Tombstone (typography),Included
Topology,Included
Topology stubs,Included
Totient summatory function,Included
Touch (American TV series),Included
Toy model,Included
Toy problem,Included
Toy theorem,Included
Toy theorem,Included
Transport of structure,Included
Transport theorem,Included
Trapping region,Included
Traveling plane wave,Included
Traveling tournament problem,Included
Trisatika,Included
Triviality (mathematics),Included
Trombi–Varadarajan theorem,Included
Tukey depth,Included
Tuple,Included
Turing's proof,Included
Turn (angle),Included
Twelfth root of two,Included
Udayadivākara,Included
Ulam's game,Included
Ultrafinitism,Included
Umbilic torus,Included
Unary function,Included
Undefined (mathematics),Included
Underwood Dudley,Included
Unifying theories in mathematics,Included
Uniqueness quantification,Included
Uniqueness theorem,Included
Uniqueness theorems,Included
Unit angle,Included
Univariate,Included
Univariate,Included
Univariate (statistics),Included
Universal chord theorem,Included
Universal parabolic constant,Included
Universal property,Included
Universal space,Included
University of Chicago School Mathematics Project,Included
Unreasonable ineffectiveness of mathematics,Included
Unscented optimal control,Included
Up tack,Included
Up to,Included
Upper and lower bounds,Included
Utpala (astronomer),Included
Van der Waerden notation,Included
Vector notation,Included
Vedic Mathematics,Included
Venvaroha,Included
Very large-scale neighborhood search,Included
Viewpoints: Mathematical Perspective and Fractal Geometry in Art,Included
Vincent's theorem,Included
Voigt notation,Included
WIRIS,Included
Warazan,Included
Warsaw School (mathematics),Included
WaveLab (mathematics software),Included
Weak order unit,Included
Wedge (symbol),Included
Weil conjectures,Included
Weisner's method,Included
Well-defined expression,Included
Wet-folding,Included
Weyl sequence,Included
Weyl's tile argument,Included
Whitehead's point-free geometry,Included
Wikipedia categories named after mathematicians,Included
Wikipedia:Contents/Mathematics and logic,Excluded
Wiles's proof of Fermat's Last Theorem,Included
Without loss of generality,Included
Wolf bone,Included
Women in mathematics,Included
Women mathematicians,Included
Works about mathematics,Included
Works about mathematics,Included
Works about the history of mathematics,Included
Works about the history of mathematics,Included
Young function,Included
Yuktibhāṣā,Included
Yupana,Included
Z notation,Included
Zahlbericht,Included
Zenzizenzizenzic,Included
Zenzizenzizenzic,Included
Zermelo's theorem (game theory),Included
Zermelo's theorem (game theory),Included
Zimmer's conjecture,Included
Zometool,Included
ΔP,Included
∂,Included
